<application packaged="2015-07-09T12:45:43" version="2.0" xmlns="http://aps-standard.org/ns/2">

    <id>http://myweatherdemo.com/operations</id>
    <name>myweatherdemo-operations</name>
    <version>1.0</version>
    <release>1</release>
    <presentation>
        <navigation id="ccp" label="MyWeatherDemo">
            <var name="company" type-id="http://myweatherdemo.com/operations/subscription_service/1.0"/>
            <var name="account" type-id="http://aps-standard.org/types/core/account/1.0"/>
            <plugs-to id="http://www.aps-standard.org/ui/service"/>
            <item id="company">
                <view id="company" label="Company Information"/>
            </item>
        </navigation>
    </presentation>

    <license-agreement>
        <free/>
        <text>
            <name>End-User License Agreement</name>
            <url>http://opensource.org/licenses/bsd-license</url>
        </text>
    </license-agreement>

    <service id="application">
        <schema path="schemas/application.schema.gen"/>
<code engine="php" path="scripts/application.php"/>
    </service>
    <service id="subscription_service">
        <schema path="schemas/subscription_service.schema.gen"/>
<code engine="php" path="scripts/subscription_service.php"/>
    </service>
</application>
